{"density": 0.00028913100452626644, "assortativity": -0.334489796836735, "modularity": 0.2908790904117226}