{"density": 0.00018448971280302743, "assortativity": -0.2630985926464882, "modularity": 0.40370029833053606}