{"density": 0.00018448971280302743, "assortativity": -0.3113184556474041, "modularity": 0.21669663680993914}