{"density": 0.0009791820033678692, "assortativity": -0.3572669755474528, "modularity": 0.1418035274309183}