{"density": 0.00028913100452626644, "assortativity": -0.3526001614533385, "modularity": 0.13299784053970118}