{"density": 0.0001220378185838692, "assortativity": -0.2912934238845161, "modularity": 0.47118553378474054}