{"density": 0.0009791820033678692, "assortativity": -0.3396522231194995, "modularity": 0.2970257316857881}