{"density": 0.0001220378185838692, "assortativity": -0.17247792423069758, "modularity": 0.6400956073049763}